Dodavel; CZ ano ne
Alfredo Carrea & figli s.r.l.; ne
Analpa Grunberg Hamburg; ne
APRO DELTA, s.r.o.; ano
ASSA, s.r.o.; ano
AuraLux s.r.o; ano
Barvy a Laky Hostivař, a.s.; ano
Betty Barclay Group GmbH; ne
BI a DO SRl Jeep; ne
BIACRÉ; ne
Bonis Spa; ne
BRANDSDISTRIBUTION.COM IDT S.p.a.; ne
Bugatti GmbH; ne
C&J CLARK International  ltd.; ne
Caprice GmbH dermold; ne
CENTRIC GAP Handbag United Kingdom; ne
CORMODE S.L.; ne
Coty Česká republika, s.r.o.; ano
Curaden, s.r.o.; ano 
D.L.M. kožená galanterie; ano
DERMACOL a.s.; ano
DIELLE MANUFATTURE srl.; ne
DK Company A/S; ne
DKNY - Distribution center; ne
Donaco Sp. z.o.o.; ne
EMBOGA, SA; ne
Emporio Lingerie, s.r.o. ; ano
ETERNA Mode GmbH; ne
Fila MEDICO BOTY; ne
FONEM EUROPE; ne
FRANK WALDER FRANK WALDER; ne
GANT Central Europe s.r.o. (Hamm Footwear GmbH); ano
Giorgio Armani S.p.A.; ne
HOP LUN Benelux B.V.; ne
Instituto Ginassiny, s.r.o.; ano
JOSEF SEIBEL; ne
Kontoor Lee,Wrangler,HIS); ano
Lagen Accessories; ano
LEE COOPER CORTINA Belgie; ne
Leineweber GmbH Co.KG; ne
LEO & UGO; ne
LERROS MODEN GmbH; ano
Liu Jo ELI SRL; ne
Loréal Česká republika, s.r.o.; ano
LUXURY DISTRIBUTION, s.r.o.; ano
Mark Distri s.r.o.; ano
Mature Services s.r.o.; ano
MENBUR, S.A.; ne
MEXX; ne
Mustang 2GO Shoe; ne
NARA spol. s r.o.; ano
NOVODONIA s.r.o.; ano
OLSEN GmbH; ne
OVS S.p A Upim kids; ne
Panache Lingerie Ltd United Kingdom; ne
PEPE JEANS EUROPE BV; ne
PIONEER authentic jeans authentic jeans; ne
PM-styl spol. s r.o; ano
Pre End ApS; ne
RIEKER; ne
ROALA spol. s r.o.; ano
ROMSCENT SC Trading SRL; ne
Salsa PEPE Jeans; ne
SC OTTER distribution; ne
Seidensticker GmbH Herforde; ne
Shoe.com GmbH & Co. KG; ne
Solvent ČR s.r.o.; ano
Tavobal tašky; ano
TUZZI Collection GmbH Hans-Hofmann-Str. 11; ne
U.S.polo BrandCom; ano
Univertik; ne
V.FRAAS; ne
VAN GILLERN s.r.o; ano
Vuch, s.r.o.; ano
WORTMANN KG Tamaris; ne
XTI FOOTWEAR, S.L.; ne